#isbn,subtitle,author,copyright,publisher,genre,score,read,format,own,collection,loan,series,series_vol,comment,price,custom,custom2,custom3,custom4,custom5,custom6,customDate,customSwitch,link,tags,customFloat,customInt,pages,location,lcc,ddc,recordUUID,title
6780183033760,"","",,"","",0.000000,,"",1,"","","",0.000000,"",0.000000,"","","","","","",08-14-2015,0,"","",0.000000,0,0,"","","","248E9FC1-5776-466C-9F1A-2710D5B8269F",""
6781185620026,"","",,"","",0.000000,,"",1,"","","",0.000000,"",0.000000,"","","","","","",08-23-2015,0,"","",0.000000,0,0,"","","","79316DA9-3AAA-44B5-A48E-F6AD31EC59BD",""
9781435294646,"","Walter M. Miller; Walter M. Miller, Jr.",01-01-2007,"Paw Prints","Fiction / Fantasy / General",0.000000,,"book",1,"","","A Bantam Spectra Book",0.000000,"",0.000000,"","","","","","",08-14-2015,0,"","",0.000000,0,338,"New York","PX2500.M555","813/.54","76BA0160-0480-4A78-AEEE-E86E1A5FE378","A Canticle for Leibowitz"
9780246129468,"","Raymond E. Feist",01-01-1986,"Grafton","",0.000000,,"book",1,"","","",0.000000,"",0.000000,"","","","","","",08-22-2015,0,"","",0.000000,0,368,"London","PS3556.E446","813/.54","48AC365B-CF51-47B7-8792-546911BA2725","A Darkness At Sethanon"
9780812515282,"","Vernor Vinge",01-01-1992,"Tom Doherty Associates","Fiction / Science Fiction / Hard Science Fiction",0.000000,,"book",1,"","","Zones of Thought",1.000000,"",0.000000,"","","","","","",08-22-2015,0,"","",0.000000,0,613,"","","","F78B7622-5975-49A1-B136-47948A71DE5A","A Fire Upon the Deep"
9780552157841,"","Terry Pratchett",01-01-2008,"Random House Children's Books","Juvenile Fiction / Fantasy & Magic",0.000000,,"book",1,"","","Pratchett, Terry. Discworld Novel",0.000000,"",10.990000,"","","","","","",08-14-2015,0,"","",0.000000,0,350,"London","","","AC29DE77-4A00-4DF2-81CC-7B2D6DCD7691","A Hat Full of Sky"
9780006176541,"","Stephen R. Donaldson",01-01-1989,"Fontana/Collins","",0.000000,,"book",1,"","","Mordant's Need",2.000000,"",0.000000,"","","","","","",08-22-2015,0,"","",0.000000,0,661,"","PS3554.O469","813/.54","2CD10FDB-9000-4A4D-A1A8-083E567026B3","A Man Rides Through"
9780333741252,"","Peter F. Hamilton",01-01-1998,"Macmillan","Eden (Imaginary place)",0.000000,,"book",0,"","","",0.000000,"",0.000000,"","","","","","",08-14-2015,0,"","",0.000000,0,431,"London","PR6058.A5536","823.914","32EEDB68-8BCE-40ED-9A38-61C4038FE6F9","A Second Chance At Eden"
9780349110110,"","Iain Banks",01-01-1997,"Abacus","Castles",0.000000,,"book",0,"","","",0.000000,"",0.000000,"","","","","","",08-13-2015,0,"","",0.000000,0,280,"London","PR6052.A485","823/.914","3357F152-79E9-498F-A2EC-04799322C7E0","A Song of Stone"
9780349110547,"","Iain Banks",01-01-1998,"Abacus","Fiction / General",0.000000,,"book",1,"","","",0.000000,"",11.990000,"","","","","","",08-13-2015,0,"","",0.000000,0,280,"New York, NY","PR6052.A485","823/.914","39A07AB2-8B68-464C-BBE1-050D748CC894","A Song of Stone"
9780349110547,"","Iain Banks",01-01-1998,"Hachette UK","Fiction / General",0.000000,,"book",0,"","","",0.000000,"",11.990000,"","","","","","",08-13-2015,0,"","",0.000000,0,288,"New York, NY","PR6052.A485","823/.914","360EBF3F-2B71-48E9-BE84-C6B77023873A","A Song of Stone"
9780048233349,"","M. John Harrison",01-01-1987,"Unwin Paperbacks","",0.000000,,"book",1,"","","Orion",0.000000,"",0.000000,"","","","","","",08-22-2015,0,"","",0.000000,0,192,"London","PR6058.A6942","823/.914","0507D6F3-72EC-4B3A-8D02-FD338750C570","A Storm of Wings"
9781857825367,"","Wensley Clarkson",01-01-2003,"John Blake Publishing, Limited","Music / Genres & Styles / Pop Vocal",0.000000,,"book",1,"","","",0.000000,"",0.000000,"","","","","","",08-22-2015,0,"","",0.000000,0,320,"London","","782.42166092","F955661F-32ED-455B-9F47-4B356BA60044","A Tale in the Sting"
9781594204463,"Genes, Race and Human History","Nicholas Wade",01-01-2014,"Penguin Publishing Group","Social Science / Ethnic Studies / General",0.000000,,"book",0,"","","",0.000000,"",0.000000,"","","","","","",08-14-2015,0,"","",0.000000,0,278,"New York","GN365.9","599.93/8","2FF662E1-6417-44E4-B2BF-59E229CCEAAC","A Troublesome Inheritance"
9781594204463,"Genes, Race and Human History","Nicholas Wade",01-01-2014,"Penguin Publishing Group","Social Science / Ethnic Studies / General",0.000000,,"book",0,"","","",0.000000,"",0.000000,"","","","","","",08-14-2015,0,"","",0.000000,0,278,"New York","GN365.9","599.93/8","E93E08E9-88F8-4149-B304-B3EB1E170FA9","A Troublesome Inheritance"
9780062094100,"","Clive Barker",01-01-2011,"HarperCollins","Juvenile Fiction / Humorous Stories",0.000000,,"book",1,"","","Abarat ;",1.000000,"",0.000000,"","","","","","",08-14-2015,0,"","",0.000000,0,528,"New York, NY","PR6052.A6475","[Fic]","2E7385FB-1D8A-418A-92E8-CC084E8DD2B1","Abarat"
9780060291716,"","Clive Barker",01-01-2011,"HarperCollins","Juvenile Fiction / Horror & Ghost Stories",0.000000,,"book",1,"","","Abarat ;",3.000000,"",0.000000,"","","","","","",08-14-2015,0,"","",0.000000,0,592,"New York","PZ7.B25046","[Fic]","15BF6FAA-C44D-4FC5-8A96-67B46F97D970","Abarat: Absolute Midnight"
9780062094117,"","Clive Barker",01-01-2011,"HarperCollins","Juvenile Fiction / Horror & Ghost Stories",0.000000,,"book",1,"","","Abarat ;",2.000000,"",0.000000,"","","","","","",08-14-2015,0,"","",0.000000,0,624,"New York","","","04603BE2-0D74-41F1-AB97-CFCC816A29FA","Abarat: Days of Magic, Nights of War"
9781857231793,"","Iain Banks",01-01-1993,"Orbit","Fiction / Science Fiction / General",0.000000,,"book",0,"","","",0.000000,"",0.000000,"","","","","","",08-14-2015,0,"","",0.000000,0,487,"London","PR6052.A485","823.914","3F59C798-9034-4D37-BC43-4766F9DCF8EF","Against a Dark Background"
9781857231793,"","Iain Banks",01-01-1993,"Orbit","Fiction / Science Fiction / General",0.000000,,"book",1,"","","",0.000000,"",12.990000,"","","","","","",08-13-2015,0,"","",0.000000,0,487,"London","PR6052.A485","823.914","BCAC9F07-1B43-4047-9265-54D27363C557","Against a Dark Background"
9780732294106,"","Paulo Coelho; Margaret Jull Costa",01-01-2011,"HarperCollins Publishers Australia","Authors",0.000000,,"book",1,"","","",0.000000,"",0.000000,"","","","","","",08-14-2015,0,"","",0.000000,0,292,"Sydney","PQ9698.13.O3546","869.3/42","186A58C5-C0B0-4DFE-8F0B-73E655883806","Aleph"
9780142437889,"","Jorge Luis Borges; Andrew Hurley",01-01-2004,"Penguin Books","Literary Collections / Caribbean & Latin American",0.000000,,"book",1,"","","Penguin Classics",0.000000,"",0.000000,"","","","","","",08-14-2015,0,"","",0.000000,0,210,"New York, N.Y., USA","PQ7797.B635","863/.62","D94FB37A-9559-4948-A9FD-AF278D6D1765","Aleph and Other Stories"
9780586073834,"","Ursula K. Le Guin; Todd Barton; Margaret Chodos-Irvine; George Hersh",01-01-1988,"Grafton","Fiction / Science Fiction / General",0.000000,,"book",1,"","","",0.000000,"",0.000000,"","","","","","",08-14-2015,0,"","",0.000000,0,523,"","PS3562.E42","813/.54","AB55A3E5-C8BE-4610-BF27-5F6D703E18AF","Always Coming Home"
9781843549161,"","Neal Stephenson",01-01-2008,"Atlantic Books, Limited","Fiction / Thrillers / Suspense",0.000000,,"book",1,"","","",0.000000,"",5.260000,"","","","","","",08-14-2015,0,"","",0.000000,0,937,"London","","","60032492-F1AC-4AB5-B071-0D5A8EEFBBBF","Anathem"
9780006512646,"","Kim Stanley Robinson",01-01-1999,"HarperCollins","Fiction / Science Fiction / General",0.000000,,"book",1,"","","",0.000000,"",0.000000,"","","","","","",08-14-2015,0,"","",0.000000,0,562,"London","PS3568.O2893","813.54","7FF5083A-5040-44EA-A3F8-380DBE509E62","Antarctica"
9780099780403,"","Greg Bear",01-01-1992,"Legend","Fiction / Science Fiction / Action & Adventure",0.000000,,"book",1,"","","",0.000000,"",8.420000,"","","","","","",08-22-2015,0,"","",0.000000,0,499,"London","","Fic","149FC1D3-A2A5-4BCA-AE06-29B517EC32B7","Anvil of Stars"
9780131489066,"An Introduction to Object-Oriented Analysis and Design and Iterative Development","Craig Larman",01-01-2005,"Prentice Hall PTR","Computers / Programming / Object Oriented",0.000000,,"book",1,"","","",0.000000,"",0.000000,"","","","","","",08-23-2015,0,"","",0.000000,0,703,"Upper Saddle River, N.J.","QA76.9.O35","005.1/17","A60B0379-640C-4395-8248-C49D0CD5B297","Applying Uml and Patterns"
9780450497339,"","Jack Vance",01-01-1988,"New English Library","",0.000000,,"book",1,"","","",0.000000,"",0.000000,"","","","","","",08-22-2015,0,"","",0.000000,0,480,"","PS3572.A424","813/.54","1C76EE2F-1115-4E81-8114-C1E8534C7DA9","Araminta Station"
9780872597075,"","C. L Hutchinson",01-01-1999,"American Radio Relay League","",0.000000,,"",1,"","","Radio Amateur's Library ;",242.000000,"",0.000000,"","","","","","",08-14-2015,0,"","",0.000000,0,0,"Newington, Conn.","TK7871.6","621.3841/6","1F4926D7-F422-4B0B-8CF6-EDCDAFBD7638","Arrl's Wire Antenna Classics"
9780141315485,"","Eoin Colfer",01-01-2004,"Puffin","",0.000000,,"",1,"","","Artemis Fowl",3.000000,"",0.000000,"","","","","","",08-22-2015,0,"","",0.000000,0,329,"London","","823.914","3C6B7077-B55D-4560-86CB-140F76ADB9B4","Artemis Fowl"
9780670911332,"","Eoin Colfer",01-01-2001,"Viking","",0.000000,,"book",1,"","","Artemis Fowl",1.000000,"",0.000000,"","","","","","",08-22-2015,0,"","",0.000000,0,277,"Ringwood, Vic.","PZ7.C677475","[Fic]","B7E19D6D-D34D-46BA-894F-9A7A309705BE","Artemis Fowl"
9780670913442,"The Arctic Incident","Eoin Colfer",01-01-2002,"Puffin Books","Juvenile Fiction / Fantasy & Magic",0.000000,,"book",1,"","","Artemis Fowl",2.000000,"",0.000000,"","","","","","",08-22-2015,0,"","",0.000000,0,288,"London","","","899641F1-5854-4EDF-BC64-3F76D2EC445F","Artemis Fowl"
9780141322209,"","Eoin Colfer",01-01-2009,"Penguin Books, Limited","",0.000000,,"book",1,"","","Artemis Fowl",6.000000,"",0.000000,"","","","","","",08-22-2015,0,"","",0.000000,0,430,"London","","823.92","152116BF-0406-4896-A626-8BAE982AB241","Artemis Fowl and the Time Paradox"
9781870451307,"A Saga of the Year 3000","Ron L. Hubbard",01-01-1984,"New era publications UK, Limited","",0.000000,,"book",1,"","","",0.000000,"",0.000000,"","","","","","",08-22-2015,0,"","",0.000000,0,1050,"East Grinstead","","","9C841EE3-F2D4-4EEF-878B-8A5F4B3F740A","Battlefield Earth"
9780436276033,"","Umberto Eco",01-01-2002,"Secker & Warburg","History / Medieval",0.000000,,"book",1,"","","",0.000000,"",0.000000,"","","","","","",08-14-2015,0,"","",0.000000,0,522,"London","PQ4865.C6","853.914","DEAF491F-3D9D-4B2B-B364-14792FDEEFD5","Baudolino"
9780961392178,"","Edward R. Tufte",01-01-2006,"Graphics Press","Computers",0.000000,,"book",1,"","","",0.000000,"",0.000000,"","","","","","",08-14-2015,0,"","",0.000000,0,213,"Cheshire, Conn.","P93.5","302.23","73B03EE0-B245-4587-AB8D-08B6F201E9B6","Beautiful Evidence"
9780395830543,"Tools, Techniques, Hints, Ideas, Illustrations, Examples, Methods, Procedures, Processes, Skills, Resources, and Suggestions for Success","David B. Ellis",01-01-1997,"Houghton Mifflin","Education / Students & Student Life",0.000000,,"book",1,"","","",0.000000,"",0.000000,"","","","","","",08-23-2015,0,"","",0.000000,0,346,"Boston","LB2343.3","378.1/98","704E78C7-8CBB-4CCE-962B-3AD812BCB851","Becoming a Master Student"
9780730755319,"","Ann Storrie; Peter Morrison; Sue Morrison",01-01-2003,"Department of Conservation and Land Management","Busselton Jetty (W.A.)",0.000000,,"book",1,"","","",0.000000,"",0.000000,"","","","","","",08-14-2015,0,"","",0.000000,0,145,"Kensington, W.A.","QL121","578.77/09941","90757FE4-F27C-4B17-BA4B-12AD3D76999B","Beneath Busselton Jetty"
9780747400004,"","Patrick Tilley",01-01-1988,"Sphere","",0.000000,,"",1,"","","The Amtrak Wars ;",4.000000,"",0.000000,"","","","","","",08-22-2015,0,"","",0.000000,0,362,"London","PR6070.I38","823/.914","5E011CCF-493A-4D12-80EA-67D27CCD7A08","Blood River"
9780586213919,"","Kim Stanley Robinson",01-01-1996,"HarperCollins","Fiction / Science Fiction / General",0.000000,,"book",1,"","","Mars Trilogy",3.000000,"",0.000000,"","","","","","",08-14-2015,0,"","",0.000000,0,789,"London","PS3568.O2893","813.54","BFD1F31B-A508-47ED-8F22-B4F568DDF019","Blue Mars"
9780007274444,"","Paulo Coelho; Margaret Jull Costa",01-01-2008,"HarperCollins","",0.000000,,"book",1,"","","",0.000000,"",0.000000,"","","","","","",08-22-2015,0,"","",0.000000,0,249,"London","PQ9698.13.O3546","869.342","7EFCA00C-0748-48F8-9CAD-4263673FA552","Brida"
9781857233858,"","David Brin",01-01-1996,"Orbit","",0.000000,,"",1,"","","Uplift Storm Trilogy",1.000000,"",0.000000,"","","","","","",08-22-2015,0,"","",0.000000,0,705,"London","","813.54","9709F6A0-961A-4C3A-A8E9-272981DC966F","Brightness Reef"
9780722535202,"","Paulo Coelho; Alan R Clarke",01-01-1997,"Thorsons","",0.000000,,"book",1,"","","",0.000000,"",0.000000,"","","","","","",08-22-2015,0,"","",0.000000,0,210,"London","PQ9698.13.O35","869.3","5D9E5CF9-8479-4696-B5A0-EDBB79E163E5","By the River Piedra I Sat Down and Wept"
9780006176664,"The Nightbreed","Clive Barker",01-01-1989,"HarperCollins","Fiction / Thrillers / General",0.000000,,"book",1,"","","",0.000000,"",0.000000,"","","","","","",08-14-2015,0,"","",0.000000,0,268,"","","823/.914","D58375DE-312F-4FC2-B8FB-8F4EDC0156C4","Cabal"
9780575073654,"","Alastair Reynolds",01-01-2001,"Gollancz","Life on other planets",0.000000,,"book",1,"","","",0.000000,"",0.000000,"","","","","","",08-14-2015,0,"","",0.000000,0,524,"London","","823.914","9313E298-9322-410A-92ED-C7BEC2C96A25","Chasm City"
9780812522396,"","Orson Scott Card; John Harris; Scott Orson",01-01-1996,"Tor","Juvenile Fiction / Science Fiction",0.000000,,"book",1,"","","Ender's Game ;",4.000000,"",0.000000,"","","","","","",08-14-2015,0,"","",0.000000,0,370,"New York","PS3553.A655","813/.54","EA60E137-783F-4629-B36E-75B570F2DC2F","Children of the Mind"
9780441011025,"","Jack McDevitt",01-01-2003,"Ace Books","Fiction / Science Fiction / General",0.000000,,"book",1,"","","The Academy",3.000000,"",0.000000,"","","","","","",08-14-2015,0,"","",0.000000,0,511,"New York","PS3563.C3556","813/.54","95F97DB3-E772-4493-BAFC-2A77FD946FE6","Chindi"
9780575081895,"","Greg Bear",01-01-2008,"Gollancz","",0.000000,,"",1,"","","",0.000000,"",0.000000,"","","","","","",08-22-2015,0,"","",0.000000,0,0,"","","","E036EAE6-73A1-46B5-95BD-007131D310F2","City At the End of Time"
9780340822784,"","David Mitchell",01-01-2004,"Sceptre","Fantasy fiction",0.000000,,"book",1,"","","A Sceptre Paperback",0.000000,"",0.000000,"","","","","","",08-14-2015,0,"","",0.000000,0,529,"London","PR6063.I785","823/.92","6A213656-5CDF-4F7E-84A3-E92B013BA0E5","Cloud Atlas"
9781444730876,"","David Mitchell",01-01-2012,"Sceptre","Fantasy fiction",0.000000,,"book",1,"","","",0.000000,"",0.000000,"","","","","","",08-13-2015,0,"","",0.000000,0,529,"London","","823.92","9C70CA02-3686-475D-AEDA-F50E77BB537B","Cloud Atlas"
9780140279511,"How Societies Choose to Fail or Succeed","Jared M. Diamond",01-01-2006,"Penguin Books","Environmental policy",0.000000,,"book",1,"","","",0.000000,"",0.000000,"","","","","","",08-13-2015,0,"","",0.000000,0,575,"London","HN13","304.28","F346ADFF-6BAB-4972-BE3E-4868D07E339C","Collapse"
9780521836265,"","William T. Shaw",01-01-2006,"Cambridge University Press","Mathematics / Complex Analysis",0.000000,,"book",1,"","","",0.000000,"",0.000000,"","","","","","",08-23-2015,0,"","",0.000000,0,571,"Cambridge","QA76.95","515.90285536","3B2886A3-30AB-499B-8CFF-FCB0AAA0609E","Complex Analysis With Mathematica®"
9780349105710,"","Iain Banks",01-01-1994,"Abacus","Detective and mystery stories",0.000000,,"book",1,"","","",0.000000,"",0.000000,"","","","","","",08-13-2015,0,"","",0.000000,0,313,"London","PR6052.A485","823.914","B5622B0E-28E8-4E1C-AD65-ABED9F374E16","Complicity"
9781857231380,"","Iain Banks",01-01-2009,"Orbit","Imaginary wars and battles",0.000000,,"book",1,"","","Culture",1.000000,"",0.000000,"","","","","","",08-13-2015,0,"","",0.000000,0,471,"New York","PR6052.A485","823/.914","52B4AEBF-43D9-4C3F-8D07-F6BDA5067C7A","Consider Phlebas"
9780099469506,"","Carl Sagan",01-01-1997,"Arrow","",0.000000,,"",1,"","","",0.000000,"",0.000000,"","","","","","",08-22-2015,0,"","",0.000000,0,432,"London","","813.54","6967AE5C-7406-4FD5-8AA9-2E07A2A42BDD","Contact."
9780553813579,"","John Meaney",01-01-2003,"Random House","",0.000000,,"book",1,"","","",0.000000,"",0.000000,"","","","","","",08-22-2015,0,"","",0.000000,0,573,"","","","3EE27050-EDC0-42DF-B8A9-DD209750933B","Context"
9780375765537,"With Dvd","Geoff Martz; Adam Robinson",01-01-2007,"Random House","Study Aids / GMAT (Graduate Management Admission Test)",0.000000,,"book",1,"","","",0.000000,"",0.000000,"","","","","","",08-23-2015,0,"","",0.000000,0,535,"New York","HF1118","650.076","8023C3BA-824D-42B4-96D7-E2CE9D5890FB","Cracking the Gmat"
9780060512804,"","Neal Stephenson",01-01-2002,"HarperCollins","Fiction / Thrillers / General",0.000000,,"book",1,"","","",0.000000,"",14.990000,"","","","","","",08-14-2015,0,"","",0.000000,0,1168,"New York","PS3569.T3868","813.54","496491E9-55E1-43D7-979E-10F9FB308DD6","Cryptonomicon"
9780575084087,"","Ian McDonald",01-01-2009,"Gollancz","",0.000000,,"book",1,"","","",0.000000,"",0.000000,"","","","","","",08-22-2015,0,"","",0.000000,0,313,"London","","823.914","5DF4D753-8AA1-4A1E-8CFF-271D2D70E6E7","Cyberabad Days"
9781415200360,"By Bus, Boksie, Matola -- From Cape to Cairo","Sihle Khumalo",01-01-2007,"Umuzi","Travel / Essays & Travelogues",0.000000,,"book",1,"","","",0.000000,"",0.000000,"","","","","","",08-14-2015,0,"","",0.000000,0,223,"Roggebaai [South Africa]","DT12.25","916.0433","EBEC53F0-EE3C-4C51-97F7-AB676EC3DB2E","Dark Continent, My Black Arse"
9780349116648,"","Iain Banks",01-01-2003,"Abacus","London (England)",0.000000,,"book",1,"","","",0.000000,"",0.000000,"","","","","","",08-13-2015,0,"","",0.000000,0,436,"London","PR6052.A485","823.914","475B4B31-F850-46F7-AA25-6952B5C6B692","Dead Air"
9780201633610,"Elements of Reusable Object-Oriented Software","Ralph Johnson; Erich Gamma; Richard Helm; John Vlissides",01-01-1995,"Addison-Wesley","Computers / Programming / Object Oriented",0.000000,,"book",1,"","","Addison-Wesley Professional Computing Series",0.000000,"",0.000000,"","","","","","",08-23-2015,0,"","",0.000000,0,395,"Reading, Mass.","QA76.64","005.1/2","C5CAFB48-9BB3-4315-BFB8-DD22564F89E9","Design Patterns"
9780340952658,"","Stephen King",01-01-2007,"Hodder","",0.000000,,"book",1,"","","",0.000000,"",0.000000,"","","","","","",08-23-2015,0,"","",0.000000,0,706,"London","","813.54","12F57D4E-E57A-443F-B129-02D835AA238E","Desperation"
9780798119900,"","N. P. van Wyk Louw; Nicolaas Petrus Van Wyk Louw",01-01-1987,"Human & Rousseau","",0.000000,,"book",1,"","","",0.000000,"",0.000000,"","","","","","",08-22-2015,0,"","",0.000000,0,82,"Kaapstad","","839.3624","70F78D01-0266-4CC4-B99A-3E578A430AE7","Die Pluimsaad Waai Ver, Of, Bitter Begin"
9780730964865,"","Carolyn Thomson-Dans; Andre Billstein",01-01-1995,"Department of Conservation and Land Management","Deep diving",0.000000,,"book",1,"","","",0.000000,"",0.000000,"","","","","","",08-14-2015,0,"","",0.000000,0,176,"Como, W.A.","GV840.S78","797.2/3/09941","F7E1EEE3-DC32-4EBC-9150-261BCB067E6C","Dive and Snorkel Sites in Western Australia"
9780330446501,"","Tony Ballantyne",01-01-2007,"Tor","Artificial intelligence",0.000000,,"book",1,"","","",0.000000,"",0.000000,"","","","","","",08-14-2015,0,"","",0.000000,0,327,"London","PR6102.A348","823.92","2124286B-8C76-4A61-833F-C90752755A34","Divergence"
9780575079939,"","Philip K. Dick",01-01-2007,"Gollancz","",0.000000,,"book",1,"","","",0.000000,"",0.000000,"","","","","","",08-23-2015,0,"","",0.000000,0,214,"London","PS3554.I3","813.54","EE931D95-A2D1-46C2-AAA0-6FD67007B223","Do Androids Dream of Electric Sheep?"
9780765309532,"","Cory Doctorow",01-01-2003,"Tom Doherty Associates","Fiction / Science Fiction / Cyberpunk",0.000000,,"book",1,"","","",0.000000,"",0.000000,"","","","","","",08-22-2015,0,"","",0.000000,0,208,"","","","A1487885-38C6-43ED-B8CB-52D569B67309","Down and out in the Magic Kingdom"
9780553283372,"","Dennis L. McKiernan",01-01-1990,"Bantam Books","Fiction / Fantasy / General",0.000000,,"book",1,"","","",0.000000,"",0.000000,"","","","","","",08-22-2015,0,"","",0.000000,0,485,"New York","PS3563.A2358","813.5/4","C98BE4D9-9FDD-4762-A491-ED81C4E8F37B","Dragondoom"
9780099606208,"","William Horwood",01-01-1989,"Arrow","",0.000000,,"book",1,"","","Duncton Chronicles",2.000000,"",0.000000,"","","","","","",08-22-2015,0,"","",0.000000,0,916,"London","PR6058.O679","823.914","5112F77C-5647-45A1-99AE-612936BBE9DA","Duncton Quest"
9780961392116,"","Edward R. Tufte",01-01-1995,"Graphics Press","Information display systems",0.000000,,"book",1,"","","",0.000000,"",0.000000,"","","","","","",08-14-2015,0,"","",0.000000,0,126,"Cheshire, Conn.","P93.5","302.23","FDBA7C9D-A703-483B-BF4C-526058C3A31F","Envisioning Information"
9780552131056,"","Terry Pratchett",01-01-1987,"Random House","Fiction / Fantasy / General",0.000000,,"book",1,"","","A Discworld Novel ;",3.000000,"",0.000000,"","","","","","",08-23-2015,0,"","",0.000000,0,282,"London","PR6066.R34","823/.914","6BAFE944-4B23-486E-93AC-CFE761E27E10","Equal Rites"
9783836544719,"","Oliver Byrne;  Euclid.; Werner Oechslin",01-01-2013,"Taschen","Mathematics / Geometry / General",0.000000,,"book",1,"","","",0.000000,"",0.000000,"","","","","","",08-14-2015,0,"","",0.000000,0,363,"Köln","QA451","516.2","D4C80440-5B72-4272-A03C-5B00DCA6E07E","Ersten Sechs Bücher Der Elemente Von Euklid"
9781857234572,"","Iain Banks",01-01-1997,"Orbit","Fiction / Science Fiction / General",0.000000,,"book",1,"","","Culture",5.000000,"",0.000000,"","","","","","",08-13-2015,0,"","",0.000000,0,451,"London","PR6052.A485","823.914","889F02FC-5EB6-4843-9C6D-CE379ED0C184","Excession"
9780356501727,"","David Brin",01-01-2012,"Orbit","Fiction / Science Fiction / General",0.000000,,"book",1,"","","",0.000000,"",12.990000,"","","","","","",08-14-2015,0,"","",0.000000,0,550,"London","","813.6","4CF50EEF-4F6F-4BDB-A40C-CF21B8354F79","Existence"
9781857238280,"","Patrick Tilley",01-01-1999,"Orbit","",0.000000,,"book",1,"","","",0.000000,"",0.000000,"","","","","","",08-22-2015,0,"","",0.000000,0,544,"","","","2EE4369B-C577-45D0-8001-B9E59C396463","Fade-Out"
9780722185179,"","Patrick Tilley",01-01-1985,"Sphere","",0.000000,,"book",1,"","","The Amtrak Wars ;",2.000000,"",0.000000,"","","","","","",08-22-2015,0,"","",0.000000,0,344,"London","PR6070.I38","","D0C65D3F-3F77-4229-9193-81C03A7054A6","First Family"
9780722163399,"","Larry Niven; Jerry Pournelle",01-01-1986,"Sphere","",0.000000,,"book",1,"","","",0.000000,"",0.000000,"","","","","","",08-22-2015,0,"","",0.000000,0,700,"London","","823/.9/1","AC528E22-767D-43F0-8FA5-EB0DADABA2E8","Footfall"
9780246130471,"","Isaac Asimov",01-01-1986,"Grafton Books","Fiction in English - American writers, 1945- - Texts",0.000000,,"book",1,"","","",0.000000,"",0.000000,"","","","","","",08-14-2015,0,"","",0.000000,0,462,"London","PS3551.S5","813/.54","49C1D14E-D2F7-4989-ACFD-59E26C1B6FEA","Foundation and Earth"
9780575079847,"","Alastair Reynolds",01-01-2006,"Gollancz","Science fiction",0.000000,,"book",1,"","","",0.000000,"",0.000000,"","","","","","",08-14-2015,0,"","",0.000000,0,392,"London","PR6068.E95","823.92","5B872865-5B08-465A-867C-7CA672ACEEF0","Galactic North"
9780575075870,"","Adam Roberts; Adam Charles Roberts",01-01-2006,"Gollancz","",0.000000,,"book",1,"","","",0.000000,"",0.000000,"","","","","","",08-22-2015,0,"","",0.000000,0,458,"London","PR6118.O23","823.2","E9625C0E-7FDC-443E-BB53-F5EC73926916","Gradisil"
9780316234801,"The Surprising Truth About Wheat, Carbs, and Sugar--Your Brain's Silent Killers","David Perlmutter; Kristin Loberg",01-01-2013,"Little, Brown","Health & Fitness / Diet & Nutrition / Nutrition",0.000000,,"book",1,"","","",0.000000,"",0.000000,"","","","","","",08-14-2015,0,"","",0.000000,0,336,"New York, NY","RC394.M48","613.2/6","8EB1B904-F0B9-4B59-9F83-1CEE7D6F8A4C","Grain Brain"
9780007310173,"","Kim Stanley Robinson",01-01-2009,"HarperCollins Publishers Limited","Fiction / Science Fiction / General",0.000000,,"book",1,"","","",0.000000,"",0.000000,"","","","","","",08-14-2015,0,"","",0.000000,0,781,"London","","813.54","BF8474B7-3E37-4BA6-8A7E-89E57491355B","Green Mars"
9780201914658,"","Henry S. Warren",01-01-2003,"Addison-Wesley Professional","Computers / Programming / General",0.000000,,"book",1,"","","",0.000000,"",0.000000,"","","","","","",08-14-2015,0,"","",0.000000,0,306,"Boston","QA76.6","005.1","98305B14-F366-429D-98E5-D27D9C9F2BC9","Hacker's Delight"
9780330336475,"","Poul Anderson",01-01-1992,"","",0.000000,,"",1,"","","",0.000000,"",0.000000,"","","","","","",08-22-2015,0,"","",0.000000,0,0,"","","","3CF85366-26E7-47B8-B9F2-35C6A08923C1","Harvest of Stars"
9781857237399,"","David Brin",01-01-1999,"Orbit","",0.000000,,"book",1,"","","Uplift Storm Trilogy",3.000000,"",0.000000,"","","","","","",08-22-2015,0,"","",0.000000,0,592,"London","","813.54","0DC70166-B1A9-4AEB-9114-C21BDA8B3F01","Heaven's Reach"
9780552145428,"","Terry Pratchett",01-01-1997,"Random House","Fiction / Fantasy / General",0.000000,,"book",1,"","","Discworld ;",20.000000,"",10.990000,"","","","","","",08-14-2015,0,"","",0.000000,0,444,"London","PR6066.R34","823.914","EC260F7D-3ABC-473F-85C6-10B54E20935A","Hogfather"
9780575082373,"","Alastair Reynolds",01-01-2009,"Gollancz","",0.000000,,"book",1,"","","Gollancz S.F.",0.000000,"",0.000000,"","","","","","",08-23-2015,0,"","",0.000000,0,502,"London","PR6068.E95","823.92","3A4A3FC3-0F73-4CB4-82DE-60A3ADB6A958","House of Suns"
9781118008188,"Design and Build Websites","Jon Duckett",01-01-2011,"John Wiley & Sons","Computers / Web / Web Programming",0.000000,,"book",1,"","","",0.000000,"",0.000000,"","","","","","",08-23-2015,0,"","",0.000000,0,490,"Chichester","QA76.76.H94","006.7/4","201EA501-4EBD-47AF-A064-C8F2FCA37A74","Html and Css"
9781857235654,"","David Brin",01-01-1998,"Orbit","",0.000000,,"book",1,"","","Uplift Storm Trilogy",2.000000,"",0.000000,"","","","","","",08-22-2015,0,"","",0.000000,0,670,"London","","813.54","307EB4CB-7977-486B-84F1-19CE10B6C2F8","Infinity's Shore"
9781493912766,"A Collection of Sneaky Tricks, Sly Substitutions, and Numerous Other Stupendously Clever, Awesomely Wicked, and Devilishly Seductive Maneuvers for Computing Nearly 200 Perplexing Definite Integrals From Physics, Engineering, and Mathematics (plus 60 Challenge Problems With Complete, Detailed Solutions)","Paul J. Nahin",01-01-2015,"Springer New York","Mathematics / Calculus",0.000000,,"book",1,"","","Undergraduate Lecture Notes in Physics,",0.000000,"",0.000000,"","","","","","",08-14-2015,0,"","",0.000000,0,412,"New York, NY","QC5.53","530.15","BB5631B6-A8D0-4068-B6A8-C34F3277BF68","Inside Interesting Integrals"
9780262033848,"","Thomas H. Cormen",01-01-2009,"MIT Press","Computers / Reference",0.000000,,"book",1,"","","",0.000000,"",0.000000,"","","","","","",08-23-2015,0,"","",0.000000,0,1292,"","","","E337A7D5-DC07-40BF-8DFF-350CB8D21B9B","Introduction to Algorithms"
9780356206059,"","Patrick Tilley",01-01-1987,"Little, Brown.","",0.000000,,"book",1,"","","Amtrak Wars",3.000000,"",0.000000,"","","","","","",08-14-2015,0,"","",0.000000,0,426,"","","823.914","495993B3-16CE-4799-9D43-0E1B315030A4","Iron Master"
9780330285537,"","Julian May",01-01-1992,"Pan Books","",0.000000,,"book",1,"","","Galactic Milieu Trilogy",1.000000,"",0.000000,"","","","","","",08-22-2015,0,"","",0.000000,0,495,"","","","ACBFA35D-444A-4058-B195-12EF69592870","Jack the Bodiless"
9781844167135,"","Eric Brown",01-01-2009,"Rebellion","",0.000000,,"book",1,"","","",0.000000,"",0.000000,"","","","","","",08-22-2015,0,"","",0.000000,0,432,"","","","E3D54CA6-1E85-419E-84B9-028500990720","Kéthani"
9780333738818,"","China Miéville",01-01-1998,"Macmillan","",0.000000,,"book",1,"","","",0.000000,"",0.000000,"","","","","","",08-22-2015,0,"","",0.000000,0,333,"London","PR6063.I265","[Fic.]","CCE25FED-50FA-4F7F-8049-9B2104966AB0","King Rat"
9780671017835,"","Lois McMaster Bujold",01-01-1998,"Earthlight","Fiction / Science Fiction / Space Opera",0.000000,,"book",1,"","","Vorkosigan Saga",11.000000,"",0.000000,"","","","","","",08-22-2015,0,"","",0.000000,0,311,"London","","813.54","48CB823C-B311-477E-B4C2-2041D8C88C8C","Komarr"
9780811216999,"Selected Stories & Other Writings","Jorge Luis Borges; James East Irby; Donald A Yates",01-01-2007,"New Directions","Literary Collections / American / General",0.000000,,"book",1,"","","New Directions Paperbook ;",1066.000000,"",0.000000,"","","","","","",08-14-2015,0,"","",0.000000,0,256,"New York, NY","PQ7797.B635","868/.6209","7A9CC48C-1DA2-4A90-BAE0-33A45DDABA4A","Labyrinths"
9781595620026,"Discover Your God-Given Talents, and Inspire Your Community","Albert L. Winseman; Donald O. Clifton; Curt Liesveld",01-01-2004,"Gallup Press","Self-Help / Spiritual",0.000000,,"book",1,"","","",0.000000,"",0.000000,"","","","","","",08-23-2015,0,"","",0.000000,0,246,"New York, N.Y.","HF5549.5.M63","253","F21381E8-4732-40FC-8097-DFEDA41C6D83","Living Your Strengths"
9781857239812,"","Iain Banks; Iain M. Banks",01-01-2000,"Hachette UK","Fiction / Science Fiction / General",0.000000,,"book",1,"","","",0.000000,"",12.990000,"","","","","","",08-13-2015,0,"","",0.000000,0,357,"London","PR6052.A485","823.914","79305D99-7622-4863-B028-CCE7509E8E3B","Look to Windward"
9780708882405,"","Terry Brooks",01-01-1987,"Little, Brown Book Group Limited","",0.000000,,"book",1,"","","",0.000000,"",0.000000,"","","","","","",08-22-2015,0,"","",0.000000,0,351,"London","PS","[Fic]","6BA29195-F9AE-43CE-8563-43A788E5F41F","Magic Kingdom for Sale - Sold!"
9780552154901,"","Terry Pratchett",01-01-2008,"Random House","Fiction / Fantasy / General",0.000000,,"book",1,"","","The Discworld Series ;",36.000000,"",10.990000,"","","","","","",08-14-2015,0,"","",0.000000,0,479,"London","","823.914","11811EE6-57A0-45F2-8E32-4697932E634F","Making Money"
9780007156320,"","Paulo Coelho; Margaret Jull Costa",01-01-2003,"HarperCollins","",0.000000,,"book",1,"","","",0.000000,"",0.000000,"","","","","","",08-22-2015,0,"","",0.000000,0,278,"London","","291.4","79521878-0D8B-436F-BA9B-1536AC2A215D","Manual of the Warrior of Light"
9780552142366,"","Terry Pratchett",01-01-1996,"Random House","Children's stories",0.000000,,"book",1,"","","A Discworld Novel",0.000000,"",0.000000,"","","","","","",08-14-2015,0,"","",0.000000,0,380,"London","","Fic","B7A06EDB-210E-41D0-9C40-078A85BA3CCF","Maskerade"
9781565923980,"","Jon Orwant; Jarkko Hietaniemi; John Macdonald",01-01-1999,"""O'Reilly Media, Inc.""","Computers / Networking / Hardware",0.000000,,"book",1,"","","",0.000000,"",0.000000,"","","","","","",08-23-2015,0,"","",0.000000,0,684,"","","","9179BDCA-2A3A-4AB5-8AB7-4DDEC1C9D7DB","Mastering Algorithms With Perl"
9781470417017,"Essays on Amazing Physical Phenomena and Their Understanding By Mathematicians","V. I Arnol?d; V. I. Arnold",01-01-2014,"American Mathematical Society","Mathematics / General",0.000000,,"book",1,"","","",0.000000,"",24.620000,"","","","","","",08-23-2015,0,"","",0.000000,0,167,"Providence, Rhode Island","QA39","510","2BC0A308-E94E-4780-B5F3-6BA4B697C345","Mathematical Understanding of Nature"
9780141311364,"","Roald Dahl; Quentin Blake",01-01-2001,"Puffin Books","Children's stories",0.000000,,"book",0,"","","",0.000000,"",0.000000,"","","","","","",08-14-2015,0,"","",0.000000,0,229,"London","PR6054.A35","823.914","89EF684A-D5B3-4DEC-945C-D45A6A1A2545","Matilda"
9781841494180,"","Iain Banks",01-01-2008,"Orbit","Intelligence officers",0.000000,,"book",0,"","","Culture",8.000000,"",0.000000,"","","","","","",08-13-2015,0,"","",0.000000,0,593,"London","PR6052.A485","823.914","E7BF5B0E-44F1-498B-9ABE-F1F079E2D093","Matter"
9780552140287,"","Terry Pratchett",01-01-1994,"Random House","Fiction / Fantasy / Epic",0.000000,,"book",0,"","","Discworld ;",15.000000,"",0.000000,"","","","","","",08-14-2015,0,"","",0.000000,0,380,"London","","823.914","C312F970-939A-42BB-BD83-369010624EF3","Men At Arms"
9780708883525,"","Anne Gay",01-01-1991,"Orbit","",0.000000,,"book",1,"","","",0.000000,"",0.000000,"","","","","","",08-22-2015,0,"","",0.000000,0,378,"","","","CA61DF73-3947-47D8-8E73-C481DBC2C0A3","Mindsail"
9780465046744,"Children, Computers, and Powerful Ideas","Seymour Papert; Seymour A. Papert",01-01-1993,"Basic Books","Education / General",0.000000,,"book",0,"","","",0.000000,"",0.000000,"","","","","","",08-14-2015,0,"","",0.000000,0,252,"New York","QA20.C65","510/.78","07E07976-8881-43C9-85B2-5A110B29F6E6","Mindstorms"
9780552131063,"","Terry Pratchett",01-01-1987,"Corgi","",0.000000,,"",0,"","","A Discworld Novel",0.000000,"",0.000000,"","","","","","",08-14-2015,0,"","",0.000000,0,315,"London","PR6066.R34","823/.914","A0C875FB-7645-4263-99EB-5748F43F20E3","Mort"
9780552134637,"","Terry Pratchett",01-01-1991,"Random House","Children's stories",0.000000,,"book",0,"","","Discworld ;",10.000000,"",0.000000,"","","","","","",08-14-2015,0,"","",0.000000,0,332,"London","PT6066.R34","823.914","3BFA4C66-56A8-4FED-B806-AC4F75C01FDC","Moving Pictures"
9781848091979,"A Comprehensive Compendium of Tools, Tips and Exercises to Help You Remember Everything","Karen Dolby",01-01-2009,"Preface","Reference",0.000000,,"hbk.",0,"","","",0.000000,"",10.990000,"","","","","","",08-14-2015,0,"","",0.000000,0,288,"London","BF385","153.14","133AC269-C912-4DA4-B4EC-EF6465323AC0","Mrs Dolby's Memory Magic"
9780356202426,"","Larry Niven",01-01-1992,"Orbit","",0.000000,,"book",1,"","","",0.000000,"",0.000000,"","","","","","",08-23-2015,0,"","",0.000000,0,617,"","","","901790C5-0281-4D2E-878B-9089709DD0E4","N-Space"
9780385613705,"","Terry Pratchett",01-01-2008,"Doubleday","Juvenile Fiction / Fantasy & Magic",0.000000,,"book",0,"","","",0.000000,"",0.000000,"","","","","","",08-14-2015,0,"","",0.000000,0,409,"London","PZ7.P8865","823.914","7AF6193D-FB18-48F7-BB70-EDA12B6DD38D","Nation"
9780765344229,"A Space Opera","Ken MacLeod",01-01-2005,"Tom Doherty Associates","Fiction / Science Fiction / General",0.000000,,"book",1,"","","",0.000000,"",0.000000,"","","","","","",08-22-2015,0,"","",0.000000,0,352,"New York","PR6063.A2515","823/.914","DC06D8BF-EAB1-42A9-BEFA-3D8772671F71","Newton's Wake"
9780452288119,"The Language of Science","Tobias Dantzig; Joseph Mazur",01-01-2007,"Plume","Mathematics / History & Philosophy",0.000000,,"book",0,"","","",0.000000,"",0.000000,"","","","","","",08-14-2015,0,"","",0.000000,0,398,"New York","QA9","510.1","38715CBE-D79A-4389-9F50-A556C2530DB9","Number"
9780307473998,"","Nevil Shute",01-01-2010,"Vintage Books","Fiction",0.000000,,"book",0,"","","",0.000000,"",10.990000,"","","","","","",08-14-2015,0,"","",0.000000,0,312,"New York","PR6027.O54","823/.912","2ECB7F67-852E-4D07-89CC-EBA82CD404C4","On the Beach"
9780340769980,"A Memoir of the Craft","Stephen King",01-01-2001,"New English Library","Authors, American",0.000000,,"book",0,"","","",0.000000,"",0.000000,"","","","","","",08-13-2015,0,"","",0.000000,0,367,"London","PS3561.I483","808.02","63E3A4D8-DFE3-49C1-A2D3-D8708D2AA3FE","On Writing"
9780553505894,"","John Meaney",01-01-2000,"Bantam","",0.000000,,"book",1,"","","",0.000000,"",0.000000,"","","","","","",08-22-2015,0,"","",0.000000,0,540,"London","","823.914","349E7673-36C1-483B-B43C-8742BF4ED762","Paradox"
9780345459404,"","China Miéville",01-01-2003,"Del Rey/Ballantine Books","Fiction / Science Fiction / Action & Adventure",0.000000,,"book",1,"","","Bas-Lag",1.000000,"",0.000000,"","","","","","",08-22-2015,0,"","",0.000000,0,623,"New York","PR6063.I265","[Fic]","6AB91B21-FC91-49C9-ADF6-149738C2F19B","Perdido Street Station"
9780747235248,"","Dean R Koontz; Dean Ray Koontz",01-01-1997,"Headline Publishing Group","",0.000000,,"book",1,"","","",0.000000,"",0.000000,"","","","","","",08-22-2015,0,"","",0.000000,0,446,"London","","813.54","A1826D90-ADE0-4107-B45A-9957EB5167F3","Phantoms"
9780575075412,"","Adam Roberts",01-01-2004,"Victor Gollancz Limited","Fiction / Science Fiction / General",0.000000,,"book",1,"","","",0.000000,"",0.000000,"","","","","","",08-22-2015,0,"","",0.000000,0,344,"London","PR6118.O23","823.914","E12F7ECD-42EE-42CE-A27F-E5D147A7CCD4","Polystom"
9780575083110,"","Alastair Reynolds",01-01-2008,"Gollancz","",0.000000,,"book",1,"","","",0.000000,"",0.000000,"","","","","","",08-23-2015,0,"","",0.000000,0,517,"London","","823.92","CAD8589D-7DB7-4A26-BDC4-B2CACAE4A47D","Pushing Ice"
9780099460275,"In Search of the Perfect Dram","Iain Banks",01-01-2004,"Random House","Distilleries",0.000000,,"book",0,"","","",0.000000,"",0.000000,"","","","","","",08-14-2015,0,"","",0.000000,0,366,"London","TP605","641.25209411","18A77B12-B62A-4EA0-89A6-EE2B5FC4E4CB","Raw Spirit"
9781405041393,"","Tony Ballantyne",01-01-2004,"Tor","",0.000000,,"book",1,"","","",0.000000,"",0.000000,"","","","","","",08-22-2015,0,"","",0.000000,0,352,"London","PR6102.A45","823.92","AE4E06DC-30CB-43FE-8FE0-5FC2C21A325E","Recursion"
9780586213896,"","Kim Stanley Robinson",01-01-1993,"HarperCollins","Fiction / Science Fiction / General",0.000000,,"book",0,"","","Mars Trilogy",1.000000,"",0.000000,"","","","","","",08-14-2015,0,"","",0.000000,0,671,"London","PS3568.O2893","813.54","251D73F2-B284-4F0B-8ADE-5D7317AA3B39","Red Mars"
9780575079830,"","Stephen Baxter",01-01-2007,"Gollancz","Fiction / Science Fiction / General",0.000000,,"book",0,"","","Destiny's Children ;",4.000000,"",11.990000,"","","","","","",08-13-2015,0,"","",0.000000,0,608,"London","PR6052.A849","823.914","13B327DC-72BE-488C-B9C4-E0F726EF76A7","Resplendent"
9780753510995,"Lessons in Life","Richard Branson",01-01-2006,"Random House","Business & Economics / General",0.000000,,"book",1,"","","Quick Reads",0.000000,"",0.000000,"","","","","","",08-23-2015,0,"","",0.000000,0,111,"London","HB615","338.04092","73F50397-A045-43D3-9025-001E388977DF","Screw It, Let's Do It"
9780002254786,"","Robin Hobb",01-01-1998,"HarperCollins","",0.000000,,"book",1,"","","The Liveship Traders ;",1.000000,"",0.000000,"","","","","","",08-23-2015,0,"","",0.000000,0,656,"London","","813.54","DFFFC96F-8059-46D8-BFF9-4D02DC49AC2F","Ship of Magic"
9781841493336,"","Charles Stross",01-01-2004,"Orbit","",0.000000,,"book",1,"","","Eschaton",1.000000,"",0.000000,"","","","","","",08-22-2015,0,"","",0.000000,0,400,"London","","823.914","54C44F4C-F983-4E6B-A872-3178A3CD15E7","Singularity Sky"
9780553380958,"","Neal Stephenson",01-01-2000,"Bantam Books","Fiction / Science Fiction / Hard Science Fiction",0.000000,,"book",0,"","","A Bantam Spectra Book",0.000000,"",0.000000,"","","","","","",08-14-2015,0,"","",0.000000,0,440,"New York","PS3569.T3868","813/.54","C83A7603-4F81-4B6B-A422-C21735B381E8","Snow Crash"
9781920137182,"Subversive Thoughts From an Urban Zulu Warrior","Ndumiso Ngcobo",01-01-2007,"Two Dogs","South Africa",0.000000,,"book",0,"","","",0.000000,"",0.000000,"","","","","","",08-14-2015,0,"","",0.000000,0,168,"Cape Town","PN6231.S638","824 UKD","F6674B0C-1C28-45E3-A928-CBFA53DB636F","Some of My Best Friends Are White"
9780552131070,"(discworld Novel 5)","Terry Pratchett",01-01-1989,"Corgi","Fiction",0.000000,,"book",0,"","","Discworld",5.000000,"",10.990000,"","","","","","",08-14-2015,0,"","",0.000000,0,270,"London","PR6066.R34","823.914","D6380296-338E-4FD5-A197-6D9C9076563F","Sourcery"
9781486302031,"Australia's Changing Seasons","Timothy J. Entwisle",01-01-2014,"CSIRO Publishing","Science / Environmental Science",0.000000,,"book",0,"","","",0.000000,"",0.000000,"","","","","","",08-13-2015,0,"","",0.000000,0,184,"Collingwood, Vic.","QB637","577.23","87799ACF-851E-4E2C-B61E-C7EB1CF1A875","Sprinter and Sprummer"
9780441783601,"","Spider Robinson; Jeanne Robinson",01-01-1992,"Ace Books","Fiction / Science Fiction / General",0.000000,,"book",1,"","","Stardance",2.000000,"",0.000000,"","","","","","",08-22-2015,0,"","",0.000000,0,247,"New York","PS3568.O3156","813/.54","96769892-4676-4F64-B0F8-15FA2C234E12","Starseed"
9780553274189,"","David Brin",01-01-1995,"Bantam Books","Fiction / Science Fiction / Hard Science Fiction",0.000000,,"book",1,"","","Uplift Novel",0.000000,"",0.000000,"","","","","","",08-22-2015,0,"","",0.000000,0,458,"New York","PS3552.R4825","813.08762","B1D2BAF8-0097-4747-8D31-5CD494AEDFA7","Startide Rising"
9780450004032,"","Robert A Heinlein; Robert Anson Heinlein",01-01-1977,"New English Library","English fiction",0.000000,,"book",0,"","","",0.000000,"",12.990000,"","","","","","",08-14-2015,0,"","",0.000000,0,400,"London","PS3515.E288","813.54","2D7162E6-CC73-4069-A17A-4130DF49E046","Stranger in a Strange Land"
9781857233704,"","David Brin",01-01-1996,"Orbit","",0.000000,,"book",1,"","","The Uplift Saga",1.000000,"",0.000000,"","","","","","",08-22-2015,0,"","",0.000000,0,340,"London","PZ4.B856","813.54","9820CC33-CA88-4E3B-A43E-314B9E13DCC8","Sundiver"
9780586203446,"","H. P Lovecraft; August Derleth",01-01-1988,"Grafton","",0.000000,,"",0,"","","",0.000000,"",0.000000,"","","","","","",08-14-2015,0,"","",0.000000,0,508,"London","PR1309.S5","823/.01/08","818E4911-A587-4F01-A167-06C551578D75","Tales of the Cthulhu Mythos"
9780575084933,"","Alastair Reynolds",01-01-2010,"Gollancz","Life on other planets",0.000000,,"book",0,"","","",0.000000,"",0.000000,"","","","","","",08-13-2015,0,"","",0.000000,0,487,"London","PR6068.E95","823.92","52935F07-60C0-4BAA-AFEA-010420C5FDFD","Terminal World"
9780121176501,"A Beginner's Guide","Arvind Borde",01-01-1992,"Academic Press","Technology & Engineering / General",0.000000,,"book",1,"","","",0.000000,"",0.000000,"","","","","","",08-23-2015,0,"","",0.000000,0,169,"Boston","Z253.4.T47","686.2/2544","CF7D3A4D-AADC-45B4-976F-8E78AEA86A40","Tex By Example"
9780722532935,"","Paulo Coelho",01-01-1995,"HarperCollins","Fiction / General",0.000000,,"book",1,"","","",0.000000,"",0.000000,"","","","","","",08-22-2015,0,"","",0.000000,0,177,"London","PQ9698.13.O3546","Fic","CA404609-E393-4ED8-B8DA-148458225878","The Alchemist"
9781841492292,"","Iain Banks",01-01-2005,"Orbit","Anthropologists",0.000000,,"book",1,"","","",0.000000,"",0.000000,"","","","","","",08-13-2015,0,"","",0.000000,0,534,"London","","823.914","75850DE3-2246-4104-867A-5FDC31CB8561","The Algebraist"
9781590304761,""," Sunzi; Jerry Granelli; Carrington MacDuffie; Carl Williams",01-01-2007,"Shambhala","",0.000000,,"",1,"","","",0.000000,"",0.000000,"","","","","","",08-23-2015,0,"","",0.000000,0,176,"Boston","","355.02","90C14517-A2DE-4EB3-8F54-C9D1B3489999","The Art of War"
9780751500035,"","R. F. Laird; Robert F. Laird",01-01-1992,"Little, Brown Book Group Limited","Humor / Form / Parodies",0.000000,,"book",1,"","","",0.000000,"",0.000000,"","","","","","",08-14-2015,0,"","",0.000000,0,896,"London","","818.5407","C1EC76F4-F035-4FF1-A2FB-B47FA7E0EBC9","The Boomer Bible"
9780349112459,"","Iain Banks",01-01-2000,"Abacus","Antarctica",0.000000,,"book",1,"","","",0.000000,"",0.000000,"","","","","","",08-13-2015,0,"","",0.000000,0,393,"London","PR6052.A485","823.914","365D4BAA-7D81-4EDB-9013-478D5618BDC7","The Business"
9780091877354,"And , the Rainmaker","John Grisham",01-01-1998,"Random House","",0.000000,,"book",1,"","","",0.000000,"",0.000000,"","","","","","",08-23-2015,0,"","",0.000000,0,920,"London","","813.54","5A196C1A-0B83-4FFB-B015-E9BC035D3D3C","The Chamber"
9780140013085,"","John Wyndham",01-01-1958,"Penguin","",0.000000,,"",1,"","","Penguin Books",0.000000,"",0.000000,"","","","","","",08-22-2015,0,"","",0.000000,0,200,"Harmondsworth","PR6015.A6425","823/.912","0053F8CF-CA44-4447-BF25-8BCA93BBC1B5","The Chrysalids"
9780552124751,"","Terry Pratchett",01-01-1985,"Random House","Fiction / Fantasy / General",0.000000,,"book",1,"","","Discworld",1.000000,"",0.000000,"","","","","","",08-14-2015,0,"","",0.000000,0,284,"London","PR6066.R34","823/.914","0D17273D-B62F-4D65-B67F-3513F09D6314","The Colour of Magic"
9780552157278,"","Terry Pratchett",01-01-2008,"Random House","Fiction / Fantasy / General",0.000000,,"book",1,"","","Discworld",1.000000,"",0.000000,"","","","","","",08-14-2015,0,"","",0.000000,0,568,"London","Fic","823.914","50076374-AF6A-4B61-B99F-B2F13F640DEC","The Colour of Magic"
9780349103235,"","Iain Banks",01-01-1992,"Abacus","Fiction",0.000000,,"book",1,"","","",0.000000,"",11.990000,"","","","","","",08-13-2015,0,"","",0.000000,0,501,"London","PR6052.A485","823.914","56B41D74-F7CC-4F0B-BE2E-2BCE811F0AF4","The Crow Road"
9780140009934,"","John Wyndham",01-01-1954,"Penguin Books","",0.000000,,"",1,"","","",0.000000,"",0.000000,"","","","","","",08-22-2015,0,"","",0.000000,0,272,"Harmondsworth, Eng.","PR6045.Y64","823.912","93E64907-C2D6-4782-B415-A6EB181B1B48","The Day of the Triffids"
9781857237276,"","Harry Harrison",01-01-1999,"Orion","",0.000000,,"book",1,"","","",0.000000,"",0.000000,"","","","","","",08-22-2015,0,"","",0.000000,0,470,"London","","813.54","2BC19561-242F-4CD7-A146-7B1D1301715C","The Deathworld Omnibus"
9780732270841,"A Novel of Temptation","Paulo Coelho; Nick Caistor; Amanda Hopkinson",01-01-2001,"HarperCollins Publishers Australia","Good and evil",0.000000,,"book",1,"","","",0.000000,"",0.000000,"","","","","","",08-14-2015,0,"","",0.000000,0,197,"Pymble, N.S.W.","","869.342","45E12495-77CE-4AF9-A0A8-D33B3BD5ADE2","The Devil and Miss Prym"
9780385614276,"The Colour of Magic & the Light Fantastic","Terry Pratchett; Scott Rockwell; Steven Ross",01-01-2008,"Doubleday","Comics & Graphic Novels / Fantasy",0.000000,,"book",1,"","","Discworld Series",0.000000,"",0.000000,"","","","","","",08-14-2015,0,"","",0.000000,0,268,"London","PR6052.R44","823.914","38D5AAAC-7AE1-4851-92F9-7739520651E8","The Discworld Graphic Novels"
9780061054884,"","Ursula K. Le Guin",01-01-1994,"HarperCollins","Fiction / General",0.000000,,"book",1,"","","Hainish Cycle",5.000000,"",0.000000,"","","","","","",08-22-2015,0,"","",0.000000,0,400,"New York","PS3562.E42","813.54","6BFEDA97-3B91-4DBA-BE19-0761DF2F4BC2","The Dispossessed"
9781841495750,"","Terry Brooks",01-01-2007,"Orbit","",0.000000,,"book",1,"","","Genesis of Shannara ;",2.000000,"",0.000000,"","","","","","",08-22-2015,0,"","",0.000000,0,374,"London","","813.54","AF2F5106-3A0D-4607-8DA0-2AB06EBBC24B","The Elves of Cintra"
9780552133739,"","Sheri S. Tepper",01-01-1989,"Corgi","",0.000000,,"book",1,"","","",0.000000,"",0.000000,"","","","","","",08-22-2015,0,"","",0.000000,0,384,"","PS3570.E673","813/.54","B0AE5A41-3E35-4ED8-A1E8-DD449C15576C","The Enigma Score"
9780575072381,"","Phillip Mann",01-01-2001,"Victor Gollancz Limited","",0.000000,,"book",1,"","","",0.000000,"",0.000000,"","","","","","",08-22-2015,0,"","",0.000000,0,264,"London","","823","F64C2AD1-6960-4766-BB6E-F9A8F79454CA","The Eye of the Queen"
9780340952726,"","Stephen King; Stephen Harris Morley King",01-01-2007,"Hodder Paperback","",0.000000,,"",1,"","","",0.000000,"",0.000000,"","","","","","",08-22-2015,0,"","",0.000000,0,470,"London","","813.54","795053D5-5415-484D-AEBE-7FA82B570343","The Eyes of the Dragon"
9780552146166,"","Terry Pratchett",01-01-2000,"Random House","Children's stories",0.000000,,"book",1,"","","A Discworld Novel",0.000000,"",0.000000,"","","","","","",08-14-2015,0,"","",0.000000,0,459,"London","PR6066.R34","823.914","76F9C55A-0A01-4315-926E-90B089919BE3","The Fifth Elephant"
9780722536544,"","Paulo Coelho",01-01-1999,"HarperCollins","",0.000000,,"book",1,"","","",0.000000,"",0.000000,"","","","","","",08-22-2015,0,"","",0.000000,0,245,"London","","869.342","3E33EF78-8CF4-4BA8-8946-03D5BA41A9B1","The Fifth Mountain"
9781857987461,"","H. G Wells; Herbert George Wells",01-01-2001,"Gollancz","Life on other planets",0.000000,,"book",1,"","","Sf Masterworks",0.000000,"",0.000000,"","","","","","",08-14-2015,0,"","",0.000000,0,196,"London","PR5774","823.912","E79D1CEA-5030-40EB-AC43-953A9CE19DD9","The First Men in the Moon"
9780860078494,"","Larry Niven",01-01-1975,"Futura Publications","",0.000000,,"book",1,"","","An Orbit Book",0.000000,"",0.000000,"","","","","","",08-22-2015,0,"","",0.000000,0,212,"London","","823/.9/1","051D9632-DA39-47D0-A334-22F87AFCE32F","The Flight of the Horse"
9780575601536,"","Arthur C. Clarke",01-01-1997,"Vista","",0.000000,,"book",1,"","","",0.000000,"",0.000000,"","","","","","",08-22-2015,0,"","",0.000000,0,258,"London","","823.91","C98BD9F8-4E07-4737-BE54-A184176FBB24","The Fountains of Paradise"
9780553298178,"","Arthur C. Clarke; Arthur Charles Clarke; Gentry Lee",01-01-1992,"Bantam Books","Fiction / Science Fiction / General",0.000000,,"book",1,"","","A Bantam Spectra Book",0.000000,"",0.000000,"","","","","","",08-22-2015,0,"","",0.000000,0,518,"New York","PR6005.L36","823/.914","C557E6B6-FEBF-4F71-B85F-D114728608F9","The Garden of Rama"
9781857231946,"","Arthur C. Clarke; Arthur Charles Clarke",01-01-1995,"Orbit","",0.000000,,"book",1,"","","",0.000000,"",0.000000,"","","","","","",08-22-2015,0,"","",0.000000,0,263,"London","","Fic","C43C921B-5027-4921-9C8A-01CD02976D06","The Hammer of God"
9780553573916,"","Timothy Zahn",01-01-2000,"Bantam Books","Fiction / Science Fiction / Hard Science Fiction",0.000000,,"book",1,"","","",0.000000,"",0.000000,"","","","","","",08-22-2015,0,"","",0.000000,0,457,"New York","PS3576.A33","813/.54","D7790788-E45D-46B6-9359-7A1EEEA6211B","The Icarus Hunt"
9780575050020,"","Ian Watson",01-01-1991,"VGSF","",0.000000,,"",1,"","","",0.000000,"",0.000000,"","","","","","",08-22-2015,0,"","",0.000000,0,0,"VGSF,","PR6073.A863 J6 1991","823.914","2DFF54A3-B644-4A52-95F9-E73355B90B66","The Jonah Kit."
9780340977002,"","Randy Pausch; Jeffrey Zaslow",01-01-2008,"Hodder & Stoughton","",0.000000,,"book",1,"","","",0.000000,"",0.000000,"","","","","","",08-23-2015,0,"","",0.000000,0,206,"","","","34A7A389-AEC1-4F44-85B1-7CAD395AA28E","The Last Lecture"
9780044400189,"","J. R. R Tolkien; Christopher Tolkien; John Ronald Reuel Tolkien",01-01-1987,"Unwin Paperbacks","",0.000000,,"book",1,"","","The History of Middle-Earth ;",3.000000,"",0.000000,"","","","","","",08-22-2015,0,"","",0.000000,0,393,"London","PR6039.O32","821.912","0D72C492-DF59-4597-B6EB-5303428CD99F","The Lays of Beleriand"
9780857520104,"","Terry Pratchett; Stephen Baxter",01-01-2012,"Random House","Madison (Wis.)",0.000000,,"book",1,"","","The Long Earth",1.000000,"",0.000000,"","","","","","",08-13-2015,0,"","",0.000000,0,344,"London","PR6066.R34","823.92","A3C7A4BC-9B68-4BB3-A02E-269C1A685D74","The Long Earth"
9780857521750,"","Terry Pratchett; Stephen Baxter",01-01-2014,"Random House","Fiction / Science Fiction / Action & Adventure",0.000000,,"book",1,"","","Long Earth ;",3.000000,"",0.000000,"","","","","","",08-13-2015,0,"","",0.000000,0,363,"London","PR6066.R34","823.92","B21C6630-5DB9-409C-B231-C1C2C535234F","The Long Mars"
9780857520128,"","Terry Pratchett; Stephen Baxter",01-01-2013,"Random House","Imaginary wars and battles",0.000000,,"book",1,"","","Long Earth ;",2.000000,"",0.000000,"","","","","","",08-13-2015,0,"","",0.000000,0,422,"London","PR","823.92","089BA261-4546-48D6-9E9A-39D321BB9123","The Long War"
9780261102439,"","J. R. R Tolkien; John Ronald Reuel Tolkien",01-01-1992,"Grafton","",0.000000,,"book",1,"","","The Lord of the Rings",1.000000,"",0.000000,"","","","","","",08-23-2015,0,"","",0.000000,0,1193,"London","PR6039.O32","823.914 UKP","A1983B06-1E99-4A7C-AB1B-D8BE2F5A53F5","The Lord of the Rings"
9781845299309,"22nd Annual Collection","Gardner Dozois; Gardner R Dozois",01-01-2009,"Robinson","",0.000000,,"book",1,"","","",0.000000,"",0.000000,"","","","","","",08-22-2015,0,"","",0.000000,0,720,"[New York]","PS648.S3","823/.0876208","0693D6C0-A8E7-477A-B3A3-64E70E52AD3F","The Mammoth Book of Best New Science Fiction"
9780006173991,"","Stephen R. Donaldson",01-01-1987,"Fontana","",0.000000,,"book",1,"","","Mordant's Need ;",1.000000,"",0.000000,"","","","","","",08-22-2015,0,"","",0.000000,0,658,"[Glasgow]","PS3554.O469","813/.54","51070C1E-B0F8-43F3-87EC-4F48683A197F","The Mirror of Her Dreams"
9780333722442,"","Peter F. Hamilton",01-01-1998,"Macmillan","",0.000000,,"book",1,"","","Night's Dawn",2.000000,"",0.000000,"","","","","","",08-23-2015,0,"","",0.000000,0,999,"","","","64552333-F371-4085-9FAC-AA80059E25A3","The Neutronium Alchemist"
9780722534878,"","Paulo Coelho; Alan R Clarke",01-01-1997,"Thorsons","",0.000000,,"book",1,"","","",0.000000,"",0.000000,"","","","","","",08-22-2015,0,"","",0.000000,0,226,"London","BF1999","133.43","36A0ED2F-15DA-4DCE-9D79-AA2C05FEE0DD","The Pilgrimage"
9781857231465,"","Iain Banks",01-01-2005,"Orbit","Science fiction",0.000000,,"book",0,"","","Culture",2.000000,"",0.000000,"","","","","","",08-13-2015,0,"","",0.000000,0,309,"London","","823.914","C4217814-B9A6-4C55-B01C-057797D85241","The Player of Games"
9780553270433,"","Joseph Murphy",01-01-1982,"Bantam Books","",0.000000,,"book",1,"","","",0.000000,"",0.000000,"","","","","","",08-22-2015,0,"","",0.000000,0,224,"New York","BF145","158.1","12E6B946-D20B-40E4-B31A-5473F45F3E15","The Power of Your Subconscious Mind"
9781408703953,"","Iain Banks",01-01-2013,"Little, Brown Book Group Limited","Fiction / General",0.000000,,"book",0,"","","",0.000000,"",0.000000,"","","","","","",08-13-2015,0,"","",0.000000,0,326,"London","PR","823.92","4DD3D9B1-7370-447C-8BA9-0CF84D77097D","The Quarry"
9780048232304,"","J. R. R Tolkien; Christopher Tolkien; John Ronald Reuel Tolkien",01-01-1983,"Unwin Paperbacks","",0.000000,,"book",1,"","","Unicorn",0.000000,"",0.000000,"","","","","","",08-22-2015,0,"","",0.000000,0,439,"London","PR6039.O32","823/.912","65CB98D7-4EB3-431B-812A-4DE0C5CE8C05","The Silmarillion"
9781844167098,"","George Mann",01-01-2009,"Solaris","",0.000000,,"book",1,"","","",0.000000,"",0.000000,"","","","","","",08-22-2015,0,"","",0.000000,0,416,"Nottingham","","823.0876208092","0640604C-115B-4092-85E2-D1CA12DBD3C7","The Solaris Book of New Science Fiction"
9780671033897,"","Christopher Priest",01-01-1999,"Earthlight","",0.000000,,"",0,"","","Omnibus ;",1.000000,"",0.000000,"","","","","","",08-14-2015,0,"","",0.000000,0,0,"London","PR6066.R55","823.914","53C83027-52FC-474A-95AF-D524F5E313B7","The Space Machine ; &, a Dream of Wessex"
9780449912553,"","Mary Doria Russell",01-01-1997,"Random House","Fiction / Christian / General",0.000000,,"book",1,"","","The Sparrow ;",1.000000,"",0.000000,"","","","","","",08-23-2015,0,"","",0.000000,0,408,"New York","PS3568.U76678","813.54","D59C6986-D494-4003-86AC-8D66B49642B1","The Sparrow"
9781857230307,"","Iain Banks",01-01-1991,"Orbit","Science fiction, English",0.000000,,"book",0,"","","Culture",4.000000,"",0.000000,"","","","","","",08-13-2015,0,"","",0.000000,0,216,"","PR6052.A485","823.914","6AB0FB9D-E947-482A-8FB8-7F60EE4D7A30","The State of the Art"
9781840139303,"","Tom Fleming",01-01-2006,"Grange","",0.000000,,"book",1,"","","",0.000000,"",0.000000,"","","","","","",08-23-2015,0,"","",0.000000,0,256,"Hoo","","787.87193","A0672187-9DEF-4D91-BB44-CED73AEBB66A","The Step-By-Step Guitar Course"
9780099463368,"","Neal Stephenson",01-01-2005,"Random House","Counterfeiters",0.000000,,"book",0,"","","The Baroque Cycle ;",3.000000,"",0.000000,"","","","","","",08-14-2015,0,"","",0.000000,0,887,"London","PS3569.T3868","813.54","89408D51-F662-4081-9742-7024761ED0B1","The System of the World"
9780723008422,"","Howard Robin; Tom Kremer",01-01-1996,"Times Books","",0.000000,,"",1,"","","",0.000000,"",0.000000,"","","","","","",08-22-2015,0,"","",0.000000,0,0,"London","","793.73","4003D2B4-F42A-485A-AEC8-A7B5A3C49744","The Times Quiz Book"
9781857233711,"","David Brin",01-01-1996,"Orbit","",0.000000,,"book",1,"","","The Uplift Saga",3.000000,"",0.000000,"","","","","","",08-22-2015,0,"","",0.000000,0,638,"London","","813.54","AD0A6CE2-3FF0-431A-A1B4-93D8064EBB5A","The Uplift War"
9780722533949,"","Paulo Coelho; Alan R Clarke",01-01-1996,"Thorsons","",0.000000,,"book",1,"","","",0.000000,"",0.000000,"","","","","","",08-22-2015,0,"","",0.000000,0,245,"London","","869.3","9B5B88F3-3F95-4F24-8E5F-0304262F62C4","The Valkyries"
9780099964506,"","Greg Bear",01-01-1993,"Legend","Fiction / Short Stories (single author)",0.000000,,"book",0,"","","",0.000000,"",8.420000,"","","","","","",08-14-2015,0,"","",0.000000,0,272,"London","","813.54","8BE57D5A-2009-4CC1-9A2B-9D5DB2DC46E5","The Venging"
9780961392147,"","Edward R. Tufte",01-01-2001,"Graphics Press","Social Science / Statistics",0.000000,,"book",0,"","","",0.000000,"",0.000000,"","","","","","",08-14-2015,0,"","",0.000000,0,197,"Cheshire, Conn.","QA276.3","001.4/226","D82A8528-44F7-44EA-AA22-335AA89BFA31","The Visual Display of Quantitative Information"
9780749310172,"","Ralph Peters",01-01-1991,"Mandarin","Fiction / War & Military",0.000000,,"book",1,"","","",0.000000,"",0.000000,"","","","","","",08-23-2015,0,"","",0.000000,0,527,"","PS3566.E7559","813.54","20A3C289-16E7-435A-A179-C0C3F9E24F57","The War in 2020"
9780552549059,"A Story of Discworld","Terry Pratchett",01-01-2004,"Random House","Children's stories",0.000000,,"book",0,"","","A Story of Discworld",0.000000,"",0.000000,"","","","","","",08-14-2015,0,"","",0.000000,0,317,"London","PZ7.P8865","823.914","2048B906-430F-496F-96A0-42C6CE49F5F6","The Wee Free Men"
9780732289171,"","Paulo Coelho; Margaret Jull Costa",01-01-2009,"HarperCollins Publishers Australia","Cannes (France)",0.000000,,"book",0,"","","",0.000000,"",0.000000,"","","","","","",08-14-2015,0,"","",0.000000,0,398,"Pymble, NSW","","869.3/42","4142CD1F-37DD-4FB2-96DE-258CE4024B9A","The Winner Stands Alone"
9780007251865,"","Paulo Coelho",01-01-2007,"HarperCollins Publishers Limited","",0.000000,,"book",1,"","","",0.000000,"",0.000000,"","","","","","",08-22-2015,0,"","",0.000000,0,297,"","","","34F8002B-E5EC-4CCF-BEA6-91984E8718D4","The Witch of Portobello"
9780061358494,"","Paulo Coelho; Margaret Jull Costa",01-01-2007,"HarperCollins","Fiction / General",0.000000,,"book",0,"","","",0.000000,"",0.000000,"","","","","","",08-14-2015,0,"","",0.000000,0,336,"New York","PQ9698.13.O3456","869.342","EC11C83C-8B82-4A03-910D-196E8C288431","The Witch of Portobello Lp"
9780140328882,"","Roald Dahl",01-01-1982,"Penguin books","Juvenile Fiction / Short Stories",0.000000,,"book",0,"","","Penguin Books. Fiction",0.000000,"",0.000000,"","","","","","",08-14-2015,0,"","",0.000000,0,238,"Victoria [etc.]","PR6054.A35","823.914","BC2CD552-0666-4B04-9660-3FFADB126566","The Wonderful Story of Henry Sugar and Six More"
9780552148405,"","Terry Pratchett",01-01-2002,"Random House","Children's stories",0.000000,,"book",0,"","","Discworld ;",26.000000,"",0.000000,"","","","","","",08-14-2015,0,"","",0.000000,0,429,"London","PR6066.R34*","823.914","1084C277-9144-4E92-A7F5-6A31399B0BF1","Thief of Time"
9780552152679,"","Terry Pratchett",01-01-2006,"Random House","Children's stories",0.000000,,"book",0,"","","Discworld ;",34.000000,"",0.000000,"","","","","","",08-14-2015,0,"","",0.000000,0,454,"London","","823.914","03E4FF52-EF90-45F4-B3FB-69B870F206B8","Thud!"
9780316731089,"","Iain Banks",01-01-2009,"Hachette UK","Fiction",0.000000,,"book",0,"","","",0.000000,"",11.990000,"","","","","","",08-13-2015,0,"","",0.000000,0,404,"London","PR6052.A485","823.914","B1625E61-A7A5-415A-8308-3794B0F8820C","Transition"
9780981467306,"Best Practices for Django 1.6","Daniel Greenfeld; Audrey Roy",01-01-2014,"Two Scoops Press","Computers / Programming Languages / Python",0.000000,,"book",0,"","","",0.000000,"",0.000000,"","","","","","",08-14-2015,0,"","",0.000000,0,446,"[U.S.?]","","005.276","4145DAAA-4BC5-4299-B914-226401178F48","Two Scoops of Django"
9780321193681,"A Brief Guide to the Standard Object Modeling Language","Martin Fowler",01-01-2004,"Addison-Wesley Professional","Computers / Programming / Object Oriented",0.000000,,"book",1,"","","The Addison-Wesley Object Technology Series",0.000000,"",0.000000,"","","","","","",08-23-2015,0,"","",0.000000,0,175,"Boston","QA76.9.O35","005.1/17","61F587DB-FF2F-4B5F-917E-A82D22C8F8DD","Uml Distilled"
9780552153379,"","Terry Pratchett",01-01-2010,"Corgi Books","Discworld (Imaginary place)",0.000000,,"book",0,"","","The Discworld Series ;",37.000000,"",0.000000,"","","","","","",08-14-2015,0,"","",0.000000,0,540,"London","","823.914","0C02FD49-6435-42C0-A517-D07F53C80628","Unseen Academicals"
9780708883587,"","Iain Banks",01-01-1990,"Orbit","Science fiction, English",0.000000,,"book",0,"","","",0.000000,"",0.000000,"","","","","","",08-13-2015,0,"","",0.000000,0,374,"","PR6052.A485","823.914","B88A008A-CD42-44E6-AAD4-911CD8908E4A","Use of Weapons"
9780385604154,"","S. F. Said; Dave McKean",01-01-2003,"David Fickling Books","Cats",0.000000,,"book",0,"","","",0.000000,"",0.000000,"","","","","","",08-14-2015,0,"","",0.000000,0,254,"New York","PZ7.S1315","[Fic]","E28259FE-3F07-4CF2-BCB9-2049E20BE3A0","Varjak Paw"
9780722540442,"","Paulo Coelho; Margaret Jull Costa",01-01-2000,"HarperCollins","",0.000000,,"book",1,"","","",0.000000,"",0.000000,"","","","","","",08-22-2015,0,"","",0.000000,0,191,"London","PQ9698.13.O3546V549","869.342","D2F19B1C-E2AA-4C5C-B556-A55F4977738C","Veronika Decides to Die"
9780961392123,"","Edward R. Tufte",01-01-1997,"Graphics Press","",0.000000,,"pbk.",0,"","","",0.000000,"",0.000000,"","","","","","",08-14-2015,0,"","",0.000000,0,0,"Cheshire, Conn.","P93.5","302.23","054CDB15-A8F5-4782-950F-CBE1F09427BF","Visual Explanations"
9780765352927,"A Tale of the Moonworlds Saga","Sean Mcmullen",01-01-2007,"Tom Doherty Associates","Fiction / Fantasy / Epic",0.000000,,"book",0,"","","A Tale of the Moonworlds Saga",0.000000,"",0.000000,"","","","","","",08-14-2015,0,"","",0.000000,0,400,"New York","PR9619.3.M2594","823.914","0D0F0A04-531C-44BB-B327-8E4DF1D094A5","Voidfarer"
9780624044413,"Die Beste Van Weg","Bun Booyens",01-01-2006,"Kwela Books","",0.000000,,"book",1,"","","",0.000000,"",0.000000,"","","","","","",08-23-2015,0,"","",0.000000,0,196,"Kaapstad","","839.363008 UKD","E9CF6DCB-4283-4982-B1B6-18AAA1B22443","Waar Die Leeus Afrikaans Verstaan"
9780970684028,"","Tim Vasquez",01-01-2002,"Weather Graphics Technologies","Nature / Weather",0.000000,,"book",1,"","","",0.000000,"",0.000000,"","","","","","",08-23-2015,0,"","",0.000000,0,198,"Garland, TX","QC995.4","551.6","C71DFA8E-140F-4A37-809A-35ABAA4CFEE4","Weather Forecasting Handbook"
9780970684042,"A Guide to the Internet, Modern Forecasting, and Weather Technology","Tim Vasquez",01-01-2003,"Weather Graphics Technologies","Science / Earth Sciences / Meteorology & Climatology",0.000000,,"book",1,"","","",0.000000,"",0.000000,"","","","","","",08-23-2015,0,"","",0.000000,0,167,"Austin, Tex.","QC995","","62B145FB-FBFD-4D7C-8183-4BD4ECE981EA","Weather Map Handbook"
9780544272996,"Serious Scientific Answers to Absurd Hypothetical Questions","Randall Munroe",01-01-2014,"Houghton Mifflin Harcourt","Science / Physics / General",0.000000,,"book",0,"","","",0.000000,"",0.000000,"","","","","","",08-13-2015,0,"","",0.000000,0,320,"Boston","Q173","500","CEBF5547-64D2-44F2-BDC3-9D08B8EC3E39","What If?"
9780349107684,"Or, Isis Amongst the Unsaved","Iain Banks",01-01-1996,"Abacus","Cults",0.000000,,"book",0,"","","",0.000000,"",0.000000,"","","","","","",08-13-2015,0,"","",0.000000,0,455,"London","","823.914","BDFD7F52-8704-4DE6-B6B9-B7032486D4CA","Whit"
9780006167778,"","Stephen R. Donaldson",01-01-1983,"Fontana","",0.000000,,"book",1,"","","The Second Chronicles of Thomas Covenant ;",3.000000,"",0.000000,"","","","","","",08-22-2015,0,"","",0.000000,0,509,"London","PS3554.O469","813/.54","E21EE475-EDA6-4B47-905C-89F025EF544D","White Gold Wielder"
9780446606721,"","Octavia E. Butler",01-01-1999,"Grand Central Publishing","Fiction / Science Fiction / General",0.000000,,"book",1,"","","Patternmaster",1.000000,"",0.000000,"","","","","","",08-22-2015,0,"","",0.000000,0,288,"New York","PS3552.U827","B","2553B41C-1476-41B0-8F6B-B66682505AEF","Wild Seed"
9780552553704,"","Terry Pratchett",01-01-2007,"Corgi Childrens","",0.000000,,"book",0,"","","Discworld",35.000000,"",0.000000,"","","","","","",08-14-2015,0,"","",0.000000,0,400,"London","","","FAE58FC4-F951-4CEE-A5DE-D01669237AC2","Wintersmith"
9780441900671,"","John Varley",01-01-1987,"Ace Books","Fiction / Science Fiction / Hard Science Fiction",0.000000,,"book",1,"","","Gaea",2.000000,"",0.000000,"","","","","","",08-22-2015,0,"","",0.000000,0,372,"New York","PS3572.A724","813/.54","F08E1CD7-2779-49E2-B0DD-DABC1A13913E","Wizard"
9780730968948,"The Marine Life of South-Western Australia","Sue Morrison; Ann Storrie",01-01-1999,"Department of Conservation and Land Management","Marine animals",0.000000,,"book",0,"","","",0.000000,"",0.000000,"","","","","","",08-14-2015,0,"","",0.000000,0,143,"Como, W.A.","QL339.A8","591.77/575","524E84EF-7E12-46BB-BD30-750801BEAEC4","Wonders of Western Waters"
9781857239973,"","Larry Niven",01-01-2000,"Orbit","",0.000000,,"book",1,"","","",0.000000,"",0.000000,"","","","","","",08-20-2015,0,"","",0.000000,0,188,"London","","813.54","BD0F64FD-3213-43B1-BF30-F5EB7A9DDD81","World of Ptavvs"
9780099322610,"An Inquiry Into Values","Robert M. Pirsig",01-01-1999,"Random House","Philosophy / Criticism",0.000000,,"book",1,"","","",0.000000,"",0.000000,"","","","","","",08-22-2015,0,"","",0.000000,0,436,"London","CT275.P648","917.304924","7E07061A-222B-4868-9E87-C630AA8F36D8","Zen and the Art of Motorcycle Maintenance"
